email,name,attributes
user0@mail.com,First0 Last0,"{""age"": 29, ""city"": ""Bangalore"", ""clientId"": ""DAXX79""}"
user1@mail.com,First1 Last1,"{""age"": 43, ""city"": ""Bangalore"", ""clientId"": ""DAXX71""}"
user2@mail.com,First2 Last2,"{""age"": 47, ""city"": ""Bangalore"", ""clientId"": ""DAXX70""}"
user3@mail.com,First3 Last3,"{""age"": 67, ""city"": ""Bangalore"", ""clientId"": ""DAXX32""}"
user4@mail.com,First4 Last4,"{""age"": 63, ""city"": ""Bangalore"", ""clientId"": ""DAXX30""}"
user5@mail.com,First5 Last5,"{""age"": 69, ""city"": ""Bangalore"", ""clientId"": ""DAXX64""}"
user6@mail.com,First6 Last6,"{""age"": 68, ""city"": ""Bangalore"", ""clientId"": ""DAXX22""}"
user7@mail.com,First7 Last7,"{""age"": 56, ""city"": ""Bangalore"", ""clientId"": ""DAXX54""}"
user8@mail.com,First8 Last8,"{""age"": 58, ""city"": ""Bangalore"", ""clientId"": ""DAXX65""}"
user9@mail.com,First9 Last9,"{""age"": 51, ""city"": ""Bangalore"", ""clientId"": ""DAXX66""}"
user10@mail.com,First10 Last10,"{""age"": 53, ""city"": ""Bangalore"", ""clientId"": ""DAXX31""}"
user11@mail.com,First11 Last11,"{""age"": 46, ""city"": ""Bangalore"", ""clientId"": ""DAXX59""}"
user12@mail.com,First12 Last12,"{""age"": 41, ""city"": ""Bangalore"", ""clientId"": ""DAXX80""}"
user13@mail.com,First13 Last13,"{""age"": 27, ""city"": ""Bangalore"", ""clientId"": ""DAXX96""}"
user14@mail.com,First14 Last14,"{""age"": 51, ""city"": ""Bangalore"", ""clientId"": ""DAXX22""}"
user15@mail.com,First15 Last15,"{""age"": 31, ""city"": ""Bangalore"", ""clientId"": ""DAXX97""}"
user16@mail.com,First16 Last16,"{""age"": 59, ""city"": ""Bangalore"", ""clientId"": ""DAXX41""}"
user17@mail.com,First17 Last17,"{""age"": 29, ""city"": ""Bangalore"", ""clientId"": ""DAXX93""}"
user18@mail.com,First18 Last18,"{""age"": 39, ""city"": ""Bangalore"", ""clientId"": ""DAXX35""}"
user19@mail.com,First19 Last19,"{""age"": 67, ""city"": ""Bangalore"", ""clientId"": ""DAXX21""}"
user20@mail.com,First20 Last20,"{""age"": 66, ""city"": ""Bangalore"", ""clientId"": ""DAXX56""}"
user21@mail.com,First21 Last21,"{""age"": 39, ""city"": ""Bangalore"", ""clientId"": ""DAXX26""}"
user22@mail.com,First22 Last22,"{""age"": 44, ""city"": ""Bangalore"", ""clientId"": ""DAXX98""}"
user23@mail.com,First23 Last23,"{""age"": 66, ""city"": ""Bangalore"", ""clientId"": ""DAXX64""}"
user24@mail.com,First24 Last24,"{""age"": 48, ""city"": ""Bangalore"", ""clientId"": ""DAXX41""}"
user25@mail.com,First25 Last25,"{""age"": 38, ""city"": ""Bangalore"", ""clientId"": ""DAXX80""}"
user26@mail.com,First26 Last26,"{""age"": 27, ""city"": ""Bangalore"", ""clientId"": ""DAXX26""}"
user27@mail.com,First27 Last27,"{""age"": 59, ""city"": ""Bangalore"", ""clientId"": ""DAXX55""}"
user28@mail.com,First28 Last28,"{""age"": 49, ""city"": ""Bangalore"", ""clientId"": ""DAXX45""}"
user29@mail.com,First29 Last29,"{""age"": 45, ""city"": ""Bangalore"", ""clientId"": ""DAXX74""}"
user30@mail.com,First30 Last30,"{""age"": 47, ""city"": ""Bangalore"", ""clientId"": ""DAXX27""}"
user31@mail.com,First31 Last31,"{""age"": 21, ""city"": ""Bangalore"", ""clientId"": ""DAXX37""}"
user32@mail.com,First32 Last32,"{""age"": 21, ""city"": ""Bangalore"", ""clientId"": ""DAXX50""}"
user33@mail.com,First33 Last33,"{""age"": 70, ""city"": ""Bangalore"", ""clientId"": ""DAXX29""}"
user34@mail.com,First34 Last34,"{""age"": 59, ""city"": ""Bangalore"", ""clientId"": ""DAXX95""}"
user35@mail.com,First35 Last35,"{""age"": 36, ""city"": ""Bangalore"", ""clientId"": ""DAXX79""}"
user36@mail.com,First36 Last36,"{""age"": 47, ""city"": ""Bangalore"", ""clientId"": ""DAXX30""}"
user37@mail.com,First37 Last37,"{""age"": 36, ""city"": ""Bangalore"", ""clientId"": ""DAXX92""}"
user38@mail.com,First38 Last38,"{""age"": 29, ""city"": ""Bangalore"", ""clientId"": ""DAXX48""}"
user39@mail.com,First39 Last39,"{""age"": 23, ""city"": ""Bangalore"", ""clientId"": ""DAXX12""}"
user40@mail.com,First40 Last40,"{""age"": 39, ""city"": ""Bangalore"", ""clientId"": ""DAXX40""}"
user41@mail.com,First41 Last41,"{""age"": 41, ""city"": ""Bangalore"", ""clientId"": ""DAXX51""}"
user42@mail.com,First42 Last42,"{""age"": 22, ""city"": ""Bangalore"", ""clientId"": ""DAXX49""}"
user43@mail.com,First43 Last43,"{""age"": 68, ""city"": ""Bangalore"", ""clientId"": ""DAXX58""}"
user44@mail.com,First44 Last44,"{""age"": 45, ""city"": ""Bangalore"", ""clientId"": ""DAXX15""}"
user45@mail.com,First45 Last45,"{""age"": 44, ""city"": ""Bangalore"", ""clientId"": ""DAXX75""}"
user46@mail.com,First46 Last46,"{""age"": 42, ""city"": ""Bangalore"", ""clientId"": ""DAXX99""}"
user47@mail.com,First47 Last47,"{""age"": 61, ""city"": ""Bangalore"", ""clientId"": ""DAXX39""}"
user48@mail.com,First48 Last48,"{""age"": 57, ""city"": ""Bangalore"", ""clientId"": ""DAXX13""}"
user49@mail.com,First49 Last49,"{""age"": 28, ""city"": ""Bangalore"", ""clientId"": ""DAXX97""}"
user50@mail.com,First50 Last50,"{""age"": 61, ""city"": ""Bangalore"", ""clientId"": ""DAXX75""}"
user51@mail.com,First51 Last51,"{""age"": 27, ""city"": ""Bangalore"", ""clientId"": ""DAXX55""}"
user52@mail.com,First52 Last52,"{""age"": 62, ""city"": ""Bangalore"", ""clientId"": ""DAXX35""}"
user53@mail.com,First53 Last53,"{""age"": 24, ""city"": ""Bangalore"", ""clientId"": ""DAXX67""}"
user54@mail.com,First54 Last54,"{""age"": 25, ""city"": ""Bangalore"", ""clientId"": ""DAXX36""}"
user55@mail.com,First55 Last55,"{""age"": 39, ""city"": ""Bangalore"", ""clientId"": ""DAXX74""}"
user56@mail.com,First56 Last56,"{""age"": 53, ""city"": ""Bangalore"", ""clientId"": ""DAXX28""}"
user57@mail.com,First57 Last57,"{""age"": 32, ""city"": ""Bangalore"", ""clientId"": ""DAXX36""}"
user58@mail.com,First58 Last58,"{""age"": 64, ""city"": ""Bangalore"", ""clientId"": ""DAXX44""}"
user59@mail.com,First59 Last59,"{""age"": 47, ""city"": ""Bangalore"", ""clientId"": ""DAXX65""}"
user60@mail.com,First60 Last60,"{""age"": 62, ""city"": ""Bangalore"", ""clientId"": ""DAXX11""}"
user61@mail.com,First61 Last61,"{""age"": 24, ""city"": ""Bangalore"", ""clientId"": ""DAXX55""}"
user62@mail.com,First62 Last62,"{""age"": 61, ""city"": ""Bangalore"", ""clientId"": ""DAXX49""}"
user63@mail.com,First63 Last63,"{""age"": 52, ""city"": ""Bangalore"", ""clientId"": ""DAXX83""}"
user64@mail.com,First64 Last64,"{""age"": 38, ""city"": ""Bangalore"", ""clientId"": ""DAXX16""}"
user65@mail.com,First65 Last65,"{""age"": 48, ""city"": ""Bangalore"", ""clientId"": ""DAXX54""}"
user66@mail.com,First66 Last66,"{""age"": 35, ""city"": ""Bangalore"", ""clientId"": ""DAXX74""}"
user67@mail.com,First67 Last67,"{""age"": 70, ""city"": ""Bangalore"", ""clientId"": ""DAXX22""}"
user68@mail.com,First68 Last68,"{""age"": 21, ""city"": ""Bangalore"", ""clientId"": ""DAXX98""}"
user69@mail.com,First69 Last69,"{""age"": 46, ""city"": ""Bangalore"", ""clientId"": ""DAXX24""}"
user70@mail.com,First70 Last70,"{""age"": 58, ""city"": ""Bangalore"", ""clientId"": ""DAXX75""}"
user71@mail.com,First71 Last71,"{""age"": 50, ""city"": ""Bangalore"", ""clientId"": ""DAXX57""}"
user72@mail.com,First72 Last72,"{""age"": 63, ""city"": ""Bangalore"", ""clientId"": ""DAXX30""}"
user73@mail.com,First73 Last73,"{""age"": 54, ""city"": ""Bangalore"", ""clientId"": ""DAXX77""}"
user74@mail.com,First74 Last74,"{""age"": 67, ""city"": ""Bangalore"", ""clientId"": ""DAXX91""}"
user75@mail.com,First75 Last75,"{""age"": 61, ""city"": ""Bangalore"", ""clientId"": ""DAXX30""}"
user76@mail.com,First76 Last76,"{""age"": 50, ""city"": ""Bangalore"", ""clientId"": ""DAXX28""}"
user77@mail.com,First77 Last77,"{""age"": 62, ""city"": ""Bangalore"", ""clientId"": ""DAXX41""}"
user78@mail.com,First78 Last78,"{""age"": 66, ""city"": ""Bangalore"", ""clientId"": ""DAXX18""}"
user79@mail.com,First79 Last79,"{""age"": 40, ""city"": ""Bangalore"", ""clientId"": ""DAXX89""}"
user80@mail.com,First80 Last80,"{""age"": 21, ""city"": ""Bangalore"", ""clientId"": ""DAXX72""}"
user81@mail.com,First81 Last81,"{""age"": 43, ""city"": ""Bangalore"", ""clientId"": ""DAXX31""}"
user82@mail.com,First82 Last82,"{""age"": 33, ""city"": ""Bangalore"", ""clientId"": ""DAXX89""}"
user83@mail.com,First83 Last83,"{""age"": 38, ""city"": ""Bangalore"", ""clientId"": ""DAXX88""}"
user84@mail.com,First84 Last84,"{""age"": 24, ""city"": ""Bangalore"", ""clientId"": ""DAXX77""}"
user85@mail.com,First85 Last85,"{""age"": 27, ""city"": ""Bangalore"", ""clientId"": ""DAXX40""}"
user86@mail.com,First86 Last86,"{""age"": 67, ""city"": ""Bangalore"", ""clientId"": ""DAXX46""}"
user87@mail.com,First87 Last87,"{""age"": 20, ""city"": ""Bangalore"", ""clientId"": ""DAXX53""}"
user88@mail.com,First88 Last88,"{""age"": 45, ""city"": ""Bangalore"", ""clientId"": ""DAXX79""}"
user89@mail.com,First89 Last89,"{""age"": 31, ""city"": ""Bangalore"", ""clientId"": ""DAXX11""}"
user90@mail.com,First90 Last90,"{""age"": 51, ""city"": ""Bangalore"", ""clientId"": ""DAXX71""}"
user91@mail.com,First91 Last91,"{""age"": 49, ""city"": ""Bangalore"", ""clientId"": ""DAXX20""}"
user92@mail.com,First92 Last92,"{""age"": 26, ""city"": ""Bangalore"", ""clientId"": ""DAXX20""}"
user93@mail.com,First93 Last93,"{""age"": 67, ""city"": ""Bangalore"", ""clientId"": ""DAXX64""}"
user94@mail.com,First94 Last94,"{""age"": 60, ""city"": ""Bangalore"", ""clientId"": ""DAXX53""}"
user95@mail.com,First95 Last95,"{""age"": 64, ""city"": ""Bangalore"", ""clientId"": ""DAXX91""}"
user96@mail.com,First96 Last96,"{""age"": 27, ""city"": ""Bangalore"", ""clientId"": ""DAXX53""}"
user97@mail.com,First97 Last97,"{""age"": 29, ""city"": ""Bangalore"", ""clientId"": ""DAXX46""}"
user98@mail.com,First98 Last98,"{""age"": 26, ""city"": ""Bangalore"", ""clientId"": ""DAXX49""}"
user99@mail.com,First99 Last99,"{""age"": 49, ""city"": ""Bangalore"", ""clientId"": ""DAXX26""}"
